filename,param_count,run,compilation_time,job_id,node
8-param.sac,8,1,88.791354075,6476167,cn132
8-param.sac,8,2,89.207876394,6476167,cn132
8-param.sac,8,3,89.641372481,6476167,cn132
8-param.sac,8,4,89.115138535,6476167,cn132
8-param.sac,8,5,89.228752514,6476167,cn132
8-param.sac,8,6,88.488073267,6476167,cn132
8-param.sac,8,7,86.805794563,6476167,cn132
8-param.sac,8,8,86.875850157,6476167,cn132
8-param.sac,8,9,87.300892151,6476167,cn132
8-param.sac,8,10,90.045431700,6476167,cn132
