filename,param_count,run,compilation_time,job_id,node
7-param.sac,7,1,10.373445954,6476166,cn132
7-param.sac,7,2,10.783657732,6476166,cn132
7-param.sac,7,3,10.429512459,6476166,cn132
7-param.sac,7,4,10.516919829,6476166,cn132
7-param.sac,7,5,10.690139287,6476166,cn132
7-param.sac,7,6,10.388716623,6476166,cn132
7-param.sac,7,7,10.168609712,6476166,cn132
7-param.sac,7,8,10.541177908,6476166,cn132
7-param.sac,7,9,10.745172733,6476166,cn132
7-param.sac,7,10,10.453251414,6476166,cn132
