filename,param_count,run,compilation_time,max_memory_kb,job_id,node
17-param.sac,17,1,45.496461013,Command terminated by signal 9
41860792,7583243,cn132
17-param.sac,17,2,359.863806050,Command terminated by signal 9
41860636,7583243,cn132
17-param.sac,17,3,170.283596093,Command terminated by signal 9
41860780,7583243,cn132
17-param.sac,17,4,93.572571992,Command terminated by signal 9
41860548,7583243,cn132
17-param.sac,17,5,52.344401558,Command terminated by signal 9
41860960,7583243,cn132
17-param.sac,17,6,47.979282614,Command terminated by signal 9
41860848,7583243,cn132
17-param.sac,17,7,75.441814297,Command terminated by signal 9
41860736,7583243,cn132
17-param.sac,17,8,58.247837649,Command terminated by signal 9
41861152,7583243,cn132
17-param.sac,17,9,45.773540397,Command terminated by signal 9
41861104,7583243,cn132
17-param.sac,17,10,300.231271356,Command terminated by signal 9
41860360,7583243,cn132
