filename,param_count,run,compilation_time,max_memory_kb,job_id,node
18-param.sac,18,1,175.769847869,Command terminated by signal 9
41861052,7583244,cn132
18-param.sac,18,2,51.938331925,Command terminated by signal 9
41860204,7583244,cn132
18-param.sac,18,3,92.502736761,Command terminated by signal 9
41860316,7583244,cn132
18-param.sac,18,4,252.939724524,Command terminated by signal 9
41861156,7583244,cn132
18-param.sac,18,5,249.591277831,Command terminated by signal 9
41860644,7583244,cn132
18-param.sac,18,6,292.613105633,Command terminated by signal 9
41860952,7583244,cn132
18-param.sac,18,7,165.342414042,Command terminated by signal 9
41861208,7583244,cn132
18-param.sac,18,8,405.432815575,Command terminated by signal 9
41860940,7583244,cn132
18-param.sac,18,9,296.310234198,Command terminated by signal 9
41860800,7583244,cn132
18-param.sac,18,10,387.427929610,Command terminated by signal 9
41860716,7583244,cn132
