filename,param_count,run,compilation_time,max_memory_kb,job_id,node
9-param.sac,9,1,1131.252169282,5751376,7583235,cn132
9-param.sac,9,2,1155.940538290,5755180,7583235,cn132
9-param.sac,9,3,1159.112714182,5755228,7583235,cn132
9-param.sac,9,4,1133.828468506,5755328,7583235,cn132
9-param.sac,9,5,1155.583482827,5755172,7583235,cn132
9-param.sac,9,6,1165.150634318,5755112,7583235,cn132
