filename,param_count,run,compilation_time,job_id,node
6-param.sac,6,1,1.880163558,6476165,cn132
6-param.sac,6,2,1.805474307,6476165,cn132
6-param.sac,6,3,1.840175628,6476165,cn132
6-param.sac,6,4,1.801495783,6476165,cn132
6-param.sac,6,5,1.838131713,6476165,cn132
6-param.sac,6,6,1.792812402,6476165,cn132
6-param.sac,6,7,1.866259983,6476165,cn132
6-param.sac,6,8,1.790595383,6476165,cn132
6-param.sac,6,9,1.848812852,6476165,cn132
6-param.sac,6,10,1.838728563,6476165,cn132
