filename,param_count,run,compilation_time,job_id,node
9-param.sac,9,1,1203.433165031,6476168,cn132
9-param.sac,9,2,1201.966984834,6476168,cn132
9-param.sac,9,3,1195.320987478,6476168,cn132
9-param.sac,9,4,1196.921282916,6476168,cn132
9-param.sac,9,5,1172.647706795,6476168,cn132
9-param.sac,9,6,1166.269050484,6476168,cn132
